EmpID,FirstName,LastName,ADEmail,DepartmentType,Division,DOB,JobFunctionDescription,GenderCode
3427,Uriah,Bridges,uriah.bridges@bilearner.com,Production       ,Finance ,07-10-1969,Accounting,Female
3428,Paula,Small,paula.small@bilearner.com,Production       ,Finance ,30-08-1965,Ceo,Male
3429,Edward,Buck,edward.buck@bilearner.com,Production       ,Finance ,06-10-1991,Field Technician,Male
3430,Michael,Riordan,michael.riordan@bilearner.com,Production       ,Finance ,04-04-1998,Program Manager,Male
3431,Jasmine,Onque,jasmine.onque@bilearner.com,Production       ,Finance ,29-08-1969,Intern,Female
3432,Maruk,Fraval,maruk.fraval@bilearner.com,Production       ,Finance ,03-04-1949,Specialist,Male
3433,Latia,Costa,latia.costa@bilearner.com,Production       ,Engineers,01-07-1942,Engineer,Female
3434,Sharlene,Terry,sharlene.terry@bilearner.com,Production       ,Engineers,07-03-1957,Manager,Female
3435,Jac,McKinzie,jac.mckinzie@bilearner.com,Production       ,Engineers,15-05-1974,Director,Male
3436,Joseph,Martins,joseph.martins@bilearner.com,Production       ,Engineers,11-11-1949,Technician,Male
3437,Myriam,Givens,myriam.givens@bilearner.com,Production       ,Engineers,26-01-1964,Accounting,Female
3438,Dheepa,Nguyen,dheepa.nguyen@bilearner.com,Production       ,Engineers,06-04-1948,Ceo,Female
3439,Bartholemew,Khemmich,bartholemew.khemmich@bilearner.com,Production       ,ProjectManagement,24-11-1981,Field Technician,Male
3440,Xana,Potts,xana.potts@bilearner.com,Production       ,ProjectManagement,06-11-1951,Program Manager,Female
3441,Prater,Jeremy,prater.jeremy@bilearner.com,Production       ,ProjectManagement,21-11-1989,Intern,Male
3442,Kaylah,Moon,kaylah.moon@bilearner.com,Production       ,ProjectManagement,24-11-1952,Specialist,Male
3443,Kristen,Tate,kristen.tate@bilearner.com,Production       ,ProjectManagement,08-04-1994,Engineer,Male
3444,Bobby,Rodgers,bobby.rodgers@bilearner.com,Production       ,ProjectManagement,15-11-1983,Manager,Male
3445,Reid,Park,reid.park@bilearner.com,Production       ,Sales&Marketing,07-12-1985,Director,Female
3446,Hector,Dalton,hector.dalton@bilearner.com,Production       ,Sales&Marketing,01-05-1996,Technician,Female
3447,Mariela,Schultz,mariela.schultz@bilearner.com,Production       ,Sales&Marketing,17-02-1964,Accounting,Female
3448,Angela,Molina,angela.molina@bilearner.com,Production       ,Sales&Marketing,12-05-1958,Ceo,Male
3449,Gerald,Preston,gerald.preston@bilearner.com,Production       ,Sales&Marketing,18-09-1992,Field Technician,Male
3450,Reilly,Moyer,reilly.moyer@bilearner.com,Production       ,Sales&Marketing,11-08-1994,Program Manager,Male
3451,Carlee,French,carlee.french@bilearner.com,Production       ,Technology,15-01-1968,Intern,Male
3452,Jaydon,Blackburn,jaydon.blackburn@bilearner.com,Production       ,Technology,07-01-1947,Specialist,Male
3453,Bridger,Carter,bridger.carter@bilearner.com,Production       ,Technology,07-04-1982,Engineer,Male
3454,Leon,Beard,leon.beard@bilearner.com,Production       ,Technology,29-01-1970,Manager,Male
3455,Charity,Miranda,charity.miranda@bilearner.com,Production       ,Technology,18-01-1999,Director,Male
3456,Axel,Howe,axel.howe@bilearner.com,IT/IS,Technology,25-09-1946,Technician,Female
3457,Milton,Wall,milton.wall@bilearner.com,IT/IS,Finance ,23-08-1947,Accounting,Female
3458,Cory,Robinson,cory.robinson@bilearner.com,IT/IS,Finance ,12-08-1996,Ceo,Female
3459,Saniya,Yu,saniya.yu@bilearner.com,IT/IS,Finance ,09-02-1944,Field Technician,Male
3460,Alisa,James,alisa.james@bilearner.com,IT/IS,Finance ,10-02-1944,Program Manager,Male
3461,Lincoln,Compton,lincoln.compton@bilearner.com,IT/IS,Finance ,29-12-1997,Intern,Male
3462,Aliana,Nolan,aliana.nolan@bilearner.com,IT/IS,Finance ,09-08-1942,Specialist,Male
3463,Kayden,Dodson,kayden.dodson@bilearner.com,IT/IS,Engineers,21-06-1951,Engineer,Male
3464,James,Duke,james.duke@bilearner.com,IT/IS,Engineers,17-06-1998,Manager,Male
3465,Willow,Stuart,willow.stuart@bilearner.com,IT/IS,Engineers,07-01-1962,Director,Male
3466,Clayton,Walker,clayton.walker@bilearner.com,IT/IS,Engineers,26-01-1979,Technician,Male
3467,Celia,Curtis,celia.curtis@bilearner.com,IT/IS,Engineers,14-05-1987,Accounting,Female
3468,Valentin,Reilly,valentin.reilly@bilearner.com,IT/IS,Engineers,26-04-1998,Ceo,Female
3469,Ryland,Shepherd,ryland.shepherd@bilearner.com,IT/IS,ProjectManagement,21-02-1945,Field Technician,Female
3470,Esteban,Gilbert,esteban.gilbert@bilearner.com,IT/IS,ProjectManagement,31-05-1997,Program Manager,Female
3471,Jonathan,Adkins,jonathan.adkins@bilearner.com,IT/IS,ProjectManagement,03-01-1967,Intern,Male
3472,Nevaeh,Soto,nevaeh.soto@bilearner.com,IT/IS,ProjectManagement,12-01-1982,Specialist,Male
3473,Chaim,Mata,chaim.mata@bilearner.com,IT/IS,ProjectManagement,01-10-1950,Engineer,Male
3474,Arely,Patton,arely.patton@bilearner.com,IT/IS,ProjectManagement,16-12-1965,Manager,Male
3475,Vance,Trujillo,vance.trujillo@bilearner.com,IT/IS,Sales&Marketing,25-12-1957,Director,Male
3476,Charlie,Koch,charlie.koch@bilearner.com,IT/IS,Sales&Marketing,20-06-1945,Technician,Male
3477,Sonny,Horne,sonny.horne@bilearner.com,IT/IS,Sales&Marketing,03-12-1969,Accounting,Female
3478,Thomas,Chandler,thomas.chandler@bilearner.com,IT/IS,Sales&Marketing,10-10-1957,Ceo,Female
3479,Sarai,Stone,sarai.stone@bilearner.com,IT/IS,Sales&Marketing,17-05-1962,Field Technician,Female
3480,Jerimiah,Harmon,jerimiah.harmon@bilearner.com,IT/IS,Sales&Marketing,09-08-1946,Program Manager,Female
3481,Leland,Allen,leland.allen@bilearner.com,IT/IS,Technology,11-12-1965,Intern,Male
3482,Cristal,Bolton,cristal.bolton@bilearner.com,IT/IS,Technology,11-02-1990,Specialist,Male
3483,Jaslene,Harding,jaslene.harding@bilearner.com,IT/IS,Technology,19-06-1964,Engineer,Male
3484,Albert,Gonzalez,albert.gonzalez@bilearner.com,IT/IS,Technology,18-07-1995,Manager,Male
3485,Jaiden,Johnson,jaiden.johnson@bilearner.com,IT/IS,Technology,22-08-1994,Director,Male
3486,Brendon,Mcconnell,brendon.mcconnell@bilearner.com,Sales,Technology,14-11-1990,Technician,Male
3487,Kimora,Parsons,kimora.parsons@bilearner.com,Sales,Finance ,01-02-1994,Accounting,Female
3488,Willie,Patterson,willie.patterson@bilearner.com,Sales,Finance ,12-11-1997,Ceo,Female
3489,Devyn,Powers,devyn.powers@bilearner.com,Sales,Finance ,02-05-1953,Field Technician,Female
3490,Weston,Preston,weston.preston@bilearner.com,Sales,Finance ,10-07-1991,Program Manager,Female
3491,Lennon,Buchanan,lennon.buchanan@bilearner.com,Sales,Finance ,02-06-1973,Intern,Male
3492,Vicente,Merritt,vicente.merritt@bilearner.com,Sales,Finance ,08-01-1993,Specialist,Male
3493,Hugo,Clay,hugo.clay@bilearner.com,Sales,Engineers,17-04-1984,Engineer,Male
3494,Cohen,Raymond,cohen.raymond@bilearner.com,Sales,Engineers,08-02-1994,Manager,Male
3495,Tia,Ellis,tia.ellis@bilearner.com,Sales,Engineers,27-01-1993,Director,Male
3496,Aspen,Bentley,aspen.bentley@bilearner.com,Sales,Engineers,19-09-1964,Technician,Male
3497,Graham,Rodriguez,graham.rodriguez@bilearner.com,Sales,Engineers,18-02-1981,Accounting,Female
3498,Joel,Mcmillan,joel.mcmillan@bilearner.com,Sales,Engineers,17-10-1998,Ceo,Female
3499,Maci,Frost,maci.frost@bilearner.com,Sales,ProjectManagement,16-01-1971,Field Technician,Female
3500,Nevaeh,Lucas,nevaeh.lucas@bilearner.com,Sales,ProjectManagement,25-02-2000,Program Manager,Female
3501,Garrett,Zimmerman,garrett.zimmerman@bilearner.com,Sales,ProjectManagement,19-04-1959,Intern,Male
3502,Eugene,Marks,eugene.marks@bilearner.com,Sales,ProjectManagement,29-06-1976,Specialist,Male
3503,Geovanni,Pugh,geovanni.pugh@bilearner.com,Sales,ProjectManagement,27-07-1951,Engineer,Male
3504,Javon,Kelley,javon.kelley@bilearner.com,Sales,ProjectManagement,23-08-1980,Manager,Male
3505,Amaya,Hicks,amaya.hicks@bilearner.com,Sales,Sales&Marketing,24-07-1943,Director,Male
3506,Laila,Woodard,laila.woodard@bilearner.com,Sales,Sales&Marketing,06-07-1988,Technician,Male
3507,Ivan,Huff,ivan.huff@bilearner.com,Sales,Sales&Marketing,24-03-1973,Accounting,Male
3508,Aidan,Harding,aidan.harding@bilearner.com,Sales,Sales&Marketing,26-05-1942,Ceo,Male
3509,Cruz,Boyer,cruz.boyer@bilearner.com,Sales,Sales&Marketing,04-11-1977,Field Technician,Female
3510,Raven,Koch,raven.koch@bilearner.com,Sales,Sales&Marketing,17-10-1956,Program Manager,Female
3511,Karli,Barker,karli.barker@bilearner.com,Sales,Technology,18-02-1997,Intern,Female
3512,Tyrone,Sosa,tyrone.sosa@bilearner.com,Sales,Technology,25-10-1996,Specialist,Female
3513,Damaris,Cisneros,damaris.cisneros@bilearner.com,Sales,Technology,13-11-1959,Engineer,Male
3514,Alexus,Estes,alexus.estes@bilearner.com,Sales,Technology,03-01-1958,Manager,Male
3515,Kinsley,Flowers,kinsley.flowers@bilearner.com,Sales,Finance ,29-04-1997,Director,Male
3516,Deborah,Love,deborah.love@bilearner.com,Software Engineering,Finance ,25-06-1988,Technician,Male
3517,Milagros,Francis,milagros.francis@bilearner.com,Software Engineering,Finance ,04-01-1942,Accounting,Male
3518,Roberto,Michael,roberto.michael@bilearner.com,Software Engineering,Finance ,24-05-1969,Ceo,Female
3519,Elaine,Ewing,elaine.ewing@bilearner.com,Software Engineering,Finance ,28-03-1951,Field Technician,Male
3520,Caiden,Munoz,caiden.munoz@bilearner.com,Software Engineering,Finance ,01-03-1963,Program Manager,Female
3521,Jocelyn,Bradford,jocelyn.bradford@bilearner.com,Software Engineering,Engineers,16-04-1949,Intern,Female
3522,Marques,Armstrong,marques.armstrong@bilearner.com,Software Engineering,Engineers,12-10-1983,Specialist,Female
3523,Rohan,Chapman,rohan.chapman@bilearner.com,Software Engineering,Engineers,19-12-1978,Engineer,Female
3524,Emmanuel,Franklin,emmanuel.franklin@bilearner.com,Software Engineering,Engineers,11-11-1999,Manager,Male
3525,Clayton,Mccormick,clayton.mccormick@bilearner.com,Software Engineering,Engineers,29-01-1967,Director,Male
3526,Darius,Krause,darius.krause@bilearner.com,Software Engineering,Engineers,30-05-1948,Technician,Male
3527,Ahmed,Hawkins,ahmed.hawkins@bilearner.com,Software Engineering,ProjectManagement,15-10-1974,Accounting,Male
3528,Kymani,Benjamin,kymani.benjamin@bilearner.com,Software Engineering,ProjectManagement,13-12-1991,Ceo,Male
3529,Callum,Mcdaniel,callum.mcdaniel@bilearner.com,Software Engineering,ProjectManagement,18-06-1994,Field Technician,Male
3530,Zariah,Black,zariah.black@bilearner.com,Software Engineering,ProjectManagement,16-06-1993,Program Manager,Female
3531,Ronnie,Mayer,ronnie.mayer@bilearner.com,Software Engineering,ProjectManagement,18-05-1943,Intern,Male
3532,Marlon,Ford,marlon.ford@bilearner.com,Software Engineering,ProjectManagement,27-11-1966,Specialist,Female
3533,Slade,Griffith,slade.griffith@bilearner.com,Software Engineering,Sales&Marketing,12-11-1966,Engineer,Male
3534,Lee,Frye,lee.frye@bilearner.com,Software Engineering,Sales&Marketing,16-08-1959,Manager,Female
3535,Veronica,Rowe,veronica.rowe@bilearner.com,Software Engineering,Sales&Marketing,02-02-1994,Director,Female
3536,Aylin,Berg,aylin.berg@bilearner.com,Software Engineering,Sales&Marketing,02-01-1989,Technician,Female
3537,Neveah,Rowe,neveah.rowe@bilearner.com,Software Engineering,Sales&Marketing,11-07-1954,Accounting,Male
3538,Keith,Baxter,keith.baxter@bilearner.com,Software Engineering,Sales&Marketing,29-08-1959,Ceo,Male
3539,Chaz,Bruce,chaz.bruce@bilearner.com,Software Engineering,Technology,27-11-1983,Field Technician,Male
3540,Maya,Mccann,maya.mccann@bilearner.com,Software Engineering,Technology,09-06-1983,Program Manager,Male
3541,Aaron,Weber,aaron.weber@bilearner.com,Software Engineering,Technology,27-10-1991,Intern,Male
3542,Ellie,Gill,ellie.gill@bilearner.com,Software Engineering,Technology,01-03-1948,Specialist,Male
3543,Rayne,Kerr,rayne.kerr@bilearner.com,Software Engineering,Technology,18-02-1981,Engineer,Female
3544,Samara,Mcbride,samara.mcbride@bilearner.com,Software Engineering,Technology,16-09-2000,Manager,Male
3545,Ryann,Rubio,ryann.rubio@bilearner.com,Software Engineering,Finance ,28-01-1943,Director,Female
3546,Paris,Carr,paris.carr@bilearner.com,Admin Office,Finance ,14-07-1980,Technician,Male
3547,Adriel,Wiggins,adriel.wiggins@bilearner.com,Admin Office,Finance ,25-03-1947,Accounting,Female
3548,Sanaa,Glass,sanaa.glass@bilearner.com,Admin Office,Finance ,25-01-1964,Ceo,Female
3549,Ryan,Lynch,ryan.lynch@bilearner.com,Admin Office,Finance ,17-03-1955,Field Technician,Female
3550,Charlie,Atkinson,charlie.atkinson@bilearner.com,Admin Office,Finance ,26-03-1988,Program Manager,Male
3551,Emery,Roach,emery.roach@bilearner.com,Admin Office,Engineers,04-07-1954,Intern,Male
3552,Harper,Ramos,harper.ramos@bilearner.com,Admin Office,Engineers,11-08-1942,Specialist,Male
3553,Khalil,Mendez,khalil.mendez@bilearner.com,Admin Office,Engineers,07-05-1949,Engineer,Male
3554,Lizeth,Holland,lizeth.holland@bilearner.com,Admin Office,Engineers,14-10-1958,Manager,Male
3555,Matilda,Randall,matilda.randall@bilearner.com,Admin Office,Engineers,11-01-1988,Director,Female
3556,Damien,Howe,damien.howe@bilearner.com,Admin Office,Engineers,16-06-1961,Technician,Male
3557,Nicholas,Obrien,nicholas.obrien@bilearner.com,Admin Office,ProjectManagement,06-06-1960,Accounting,Male
3558,Mildred,Gentry,mildred.gentry@bilearner.com,Admin Office,ProjectManagement,04-06-1959,Ceo,Female
3559,Wilson K,Adinolfi,wilson k.adinolfi@bilearner.com,Admin Office,ProjectManagement,18-11-1991,Field Technician,Male
3560,Joanne,Handschiegl,joanne.handschiegl@bilearner.com,Admin Office,ProjectManagement,18-02-1954,Program Manager,Female
3561,Dianna,Blount,dianna.blount@bilearner.com,Admin Office,ProjectManagement,31-01-1959,Intern,Female
3562,Jean,Crimmings,jean.crimmings@bilearner.com,Admin Office,ProjectManagement,09-04-1954,Specialist,Female
3563,Nore,Sadki,nore.sadki@bilearner.com,Admin Office,Sales&Marketing,15-10-1946,Engineer,Male
3564,Susan,Lundy,susan.lundy@bilearner.com,Admin Office,Sales&Marketing,07-11-1994,Manager,Female
3565,Kramer,Keatts,kramer.keatts@bilearner.com,Admin Office,Sales&Marketing,10-05-1968,Director,Male
3566,Maliki,Moumanil,maliki.moumanil@bilearner.com,Admin Office,Sales&Marketing,05-10-1963,Technician,Male
3567,Nader,Barton,nader.barton@bilearner.com,Admin Office,Sales&Marketing,02-09-1966,Accounting,Male
3568,Quinn,Rarrick,quinn.rarrick@bilearner.com,Admin Office,Sales&Marketing,08-12-1974,Ceo,Male
3569,Beatrice,Chace,beatrice.chace@bilearner.com,Admin Office,Technology,19-07-1995,Field Technician,Female
3570,Adrienne J,Homberger,adrienne j.homberger@bilearner.com,Admin Office,Technology,23-11-1974,Program Manager,Female
3571,Marilyn,Linares,marilyn.linares@bilearner.com,Admin Office,Technology,29-08-1947,Intern,Female
3572,Timothy,Sullivan,timothy.sullivan@bilearner.com,Admin Office,Technology,07-06-1994,Specialist,Male
3573,Jennifer,Medeiros,jennifer.medeiros@bilearner.com,Admin Office,Technology,26-10-1983,Engineer,Female
3574,Anna,Von Massenbach,anna.von massenbach@bilearner.com,Admin Office,Technology,06-05-1951,Manager,Female
3575,George,Johnson,george.johnson@bilearner.com,Admin Office,Field Operations,05-03-1987,Director,Male
